source_url,inventory_titles,high_priority,already_cataloged_files,example_titles
https://orgm.meb.gov.tr/www/esenligi-guclendirme/icerik/3661,25,25,20,Öğrencilerde Esenliği Güçlendirme Kitapçığı | Öğrencilerde Esenliği Güçlendirme Öğretmen Kılavuzu | Öğrencilerde Esenliği Güçlendirme Veli Kılavuzu
https://orgm.meb.gov.tr/www/akran-zorbaligi/icerik/3132,31,13,15,Akran Zorbalığı Kuramsal Kitap | Akran Zorbalığı Farkındalık Programı – Okul Öncesi | Zorbalık Yapan Öğrencilere Yönelik Arkadaşlık İlişkileri Psikoeğitimi – Okul Öncesi
https://orgm.meb.gov.tr/www/sinifrehberliketkinlikleri/icerik/1952,13,13,0,Sınıf Rehberlik Etkinlikleri Seti – Okul Öncesi | Sınıf Rehberlik Etkinlikleri Seti – 1. Sınıf | Sınıf Rehberlik Etkinlikleri Seti – 2. Sınıf
https://orgm.meb.gov.tr/www/brosurler/icerik/1364,6,2,0,Siber Zorbalık Broşürü | Güvenli İnternet Kullanımı Broşürü | Siber Zorbalık Öğretmen Sunumu – İlkokul
https://orgm.meb.gov.tr/www/mesleki-rehberlik-programlari/icerik/3138,3,2,0,7 ve 8. Sınıflar İçin Kariyer Uyumunu Destekleme Psikoeğitim Programı | Kariyer Gelişimi ve Planlama Psikoeğitim Programı (KAGEP) | Okulda Bireysel Kariyer Psikolojik Danışmanlığı El Kitabı
https://orgm.meb.gov.tr/www/sosyal-duygusal-beceriler/icerik/3121,57,0,0,Rehber Öğretmen/Psikolojik Danışman Sosyal Duygusal Beceri Kitapçığı | Sosyal Duygusal Beceriler – Okul Öncesi Öğrenci Afişi | Sosyal Duygusal Beceriler – Okul Öncesi Oyun Kitabı
https://nizipram.meb.k12.tr/tema/siteharitasi.php,35,0,0,Adım Adım Üniversite | Kariyer Danışmanlığı Faaliyet Raporu | Kariyer Danışmanlığı Proje Değerlendirme Formatı
https://yenisehir33ram.meb.k12.tr/tema/siteharitasi.php,33,0,0,Danışan Kayıt Formu | Danışan Değerlendirme Formu | Aile Görüşme Formu
https://besikduzumerkezilkokulu.meb.k12.tr/icerikler/20252026egitimogretimyilirehberlikvepsikolojikdanismahizmetlerihedefcalismalari_16694974.html,32,0,0,2025-2026 Akran Zorbalığı – Okul Öncesi Afiş Serisi | 2025-2026 Akran Zorbalığı – Okul Öncesi Tek Oturumluk Sınıf Etkinliği | 2025-2026 Akran Zorbalığı – Okul Öncesi Oyun Etkinlikleri
https://orgm.meb.gov.tr/www/psikososyal-destek-dokumanlari-sayfa-1/icerik/1314/%40orgmnext,32,0,0,Psikososyal Destek Programı Uygulama Kılavuzu | Psikososyal Önleyici Destek Programı Kitabı | Psikolojik Sağlamlık Kuramsal Kitap
https://nevsehirram.meb.k12.tr/tema/siteharitasi.php,30,0,0,2026-2027 Rehberlik ve Psikolojik Danışmanlık Hizmetleri Ajandası | Karakter Güçleri Takvimi – İlkokul | Karakter Güçleri Takvimi – Ortaokul
https://aydinram.meb.k12.tr/icerikler/sinifrehberlikdosyasihazirlamaprogramimizyayimlandi_17685895.html,25,0,0,2026-2027 Sınıf Rehberlik Dosyası Hazırlama Programı | 2026-2027 Çalışma Takvimi | Öğretmen ile Görüşme Formu
https://hakkariram.meb.k12.tr/icerikler/20232024egitimogretimyilirpdhizmetleriyerelhedeficerikleri_14242352.html,25,0,0,Otokontrol – Okul Öncesi Veli Sunumu | Otokontrol – Okul Öncesi Öğrenci Masalı | Otokontrol – Okul Öncesi Sınıf Etkinliği
https://golcukram.meb.k12.tr/icerikler/rehberlikihtiyacbelirlemeanketlerininribagonderilmesi_17459085.html,19,0,0,Okul Öncesi RİBA – Öğretmen Formu | Okul Öncesi RİBA – Veli Formu | Okul Öncesi RİBA – Okul Sonuç Çizelgesi
https://giresunram.meb.k12.tr/icerikler/20232024egitimogretimyiligiresuniliyerelhedeficerikleri_14228552.html,17,0,0,Sınır Koyma – Okul Öncesi Sınıf İçi Etkinlik | Sınır Koyma – Okul Öncesi Pano Çalışması | Sınır Koyma – Okul Öncesi Broşür/Afiş
https://tusbaram.meb.k12.tr/icerikler/sinifrehberlikdokumanlari_11821299.html,17,0,0,Sınıf Rehberlik Uygulama Sunumu | Sınıf Rehberlik Dosyası Kapak ve İçerik | Sınıf Rehberlik Dosyasında Bulunması Gerekenler
https://idilram.meb.k12.tr/icerikler/ofkekontroluvestresyonetimimateryalleri_13587763.html,16,0,0,7. Sınıf Öfke ve Stres Yönetimi – 1. Hafta | 7. Sınıf Öfke ve Stres Yönetimi – 15. Hafta | 8. Sınıf Öfke ve Stres Yönetimi – 8. Hafta
https://kapakliram.meb.k12.tr/dosyalar/listele_dosya_4078422_Psikososyal%20Destek%20Hizmetleri,16,0,0,Okul Saldırılarının Ardından Veliler İçin Rehber | Okul Saldırılarının Ardından Okul İdaresi ve Öğretmenler İçin Rehber | Psikososyal Destek Veli Broşürü
https://manisaram.meb.k12.tr/tema/dosyadetay.php,16,0,0,LGS Tercih Dönemi Rehber Öğretmen/Psikolojik Danışman Eğitim Sunumu 2026 | Manisa Lise Puanları 2026 | Sosyal Beceriler – Veli Sunumu 2025
https://yalovaram.meb.k12.tr/icerikler/yerelrehberlikicerikleri_16609921.html,16,0,0,Etik Davranış – Okul Öncesi Öğrenci Etkinlik | Etik Davranış – Okul Öncesi Öğrenci Broşür | Etik Davranış – Okul Öncesi Veli Sunum
https://birecikram.meb.k12.tr/dosyalar/listele_dosya_2048900_Rehberlik%20Bro%C5%9F%C3%BCr-Pano,15,0,0,LGS Broşürü | YKS Broşürü | Erken Yaşta Evlilikler – Veli Broşürü
https://sehitkamilram.meb.k12.tr/icerikler/testanketveenvanterler_15637020.html,15,0,0,Burdon Dikkat Testi | Snellen Göz Tarama Testi | ORGM DEHB Gözlem Formu
https://susehriram.meb.k12.tr/dosyalar/listele_dosya_2522026_Mod%C3%BCler%20Panolar,15,0,0,YKS 2026 Modüler Pano | Türkiye'nin Üniversite Haritası Modüler Pano | LGS 2026 Modüler Pano
https://manavgatilicalisesi.meb.k12.tr/icerikler/rehberlikservisindenogrencilerimize20sayilikrehberlikbulteniserisibasliyor_17696242.html,14,0,0,2026 Rehberlik Bülteni – Okula Güçlü Başlangıç – Yeni Döneme Uyum ve Hedefler | 2026 Rehberlik Bülteni – Sorumluluk Alıyorum – Kendi Hayatının Sorumluluğunu Üstlenmek | 2026 Rehberlik Bülteni – Verimli Ders Çalışma
https://tusbaram.meb.k12.tr/icerikler/ustogrenimkurumlarinintanitilmasietkinlikvemateryalleri_17650018.html,14,0,0,LGS Çalışma Taktikleri | LGS Ebeveyni | Lise Tercihlerimi Nasıl Yapacağım
https://bafraram.meb.k12.tr/icerikler/rehberliktebuhaftadisrep2hafta2109202625092026_17686845.html,13,0,0,1. Sınıf DİSREP Dijital Rehberlik Etkinlikleri – 2026-2027 | 2. Sınıf DİSREP Dijital Rehberlik Etkinlikleri – 2026-2027 | 3. Sınıf DİSREP Dijital Rehberlik Etkinlikleri – 2026-2027
https://beypazariram.meb.k12.tr/icerikler/akranzorbaligiileilgilikademeleregoreicerikhazirladik_16151853.html,13,0,0,Akran Zorbalığı – Okul Öncesi Afiş | Akran Zorbalığı – Okul Öncesi Broşür | Akran Zorbalığı – Okul Öncesi Etkinlik
https://cizreram.meb.k12.tr/icerikler/20262027egitimogretimyilirehberlikmateryallerimizhazirlandi_17705080.html,13,0,0,Selamlaşma – 2026-2027 Rehberlik Materyal Paketi | Sağlıklı Sınır Koyma – 2026-2027 Rehberlik Materyal Paketi | Aile İçi İletişim – 2026-2027 Rehberlik Materyal Paketi
https://zonguldakram.meb.k12.tr/icerikler/yerelhedefegitimicerikleri_16574924.html,13,0,0,Mesleki İlgi-Değer-Yetenek-Kişilik – Okul Öncesi Etkinlik Paketi | İlkokul Döneminde Mesleki Rehberliğin Önemi | Mesleki Rehberlik – İlkokul Pano
https://erenlerram.meb.k12.tr/icerikler/problemcozmebecerisitumkademelereyonelikdokumanlar_11983856.html,12,0,0,Problem Çözme Becerisi – Okul Öncesi Öğrenci Paketi | Problem Çözme Becerisi – Okul Öncesi Öğretmen Paketi | Problem Çözme Becerisi – Okul Öncesi Veli Paketi
https://mamakram.meb.k12.tr/icerikler/ogretmenogrencivevelilericinsiddetionlemeegitimicerikleri_17038702.html,12,0,0,Şiddet ve Akran Zorbalığını Önleme – Okul Öncesi Öğrenci Etkinlik Kitapçığı | Şiddet ve Akran Zorbalığını Önleme – Okul Öncesi Öğretmen Sunum / Eğitim İçeriği | Şiddet ve Akran Zorbalığını Önleme – Okul Öncesi Veli Bilgilendirme Dokümanı
https://seyhanram.meb.k12.tr/tema/siteharitasi.php,12,0,0,Özdisiplinli Çocuklar Yetiştirmek – Broşür | Özdisiplinli Çocuklar Yetiştirmek – Sunum | Özdisiplin ve Psikolojik Sağlamlık – Broşür
https://adaram.meb.k12.tr/icerikler/rehberogretmenpsikolojikdanismanolmayanokullaricinpdrhizmetleridokumanlari_17702864.html,11,0,0,2026-2027 Okul Öncesi Örnek Rehberlik ve Psikolojik Danışma Hizmetleri Programı | 2026-2027 İlkokul Örnek Rehberlik ve Psikolojik Danışma Hizmetleri Programı | 2026-2027 Ortaokul Örnek Rehberlik ve Psikolojik Danışma Hizmetleri Programı
https://birecikram.meb.k12.tr/dosyalar/listele_dosya_168050_Dosyalar,11,0,0,2026 Ortaokul Psikososyal Destek Sunumu | 2026 Psikososyal Destek Veli Broşürü | 2026 Psikososyal Destek Öğrenci Afişi
https://bafraram.meb.k12.tr/tema/dosyadetay.php,10,0,0,Özelleştirilmiş Materyaller – Özel Eğitim | Üstün Yetenekli Öğrenciler Materyali | Öğrenme Güçlüğü Materyali
https://sirnakram.meb.k12.tr/tema/dosyadetay.php,10,0,0,Yerel Hedef Öğrenci Broşürü | Yerel Hedef Veli Afişi | Yerel Hedef Veli Broşürü
https://erdemliram.meb.k12.tr/icerikler/sunuvebrosurler_9218822.html,8,0,0,YKS Sınavına Hazırlık Süreci – PDF | YKS Sınavına Hazırlık Süreci – PowerPoint | LGS Sınavına Hazırlık Süreci – PDF
https://fatihram.meb.k12.tr/icerikler/20252026yilibrosurleri_16783139.html,8,0,0,Okula Uyum – 2025-2026 Eylül Broşürü | Aile İçi İletişim ve Çatışma Çözme – 2025-2026 Ekim Broşürü | Öğrenme ve Dikkat – 2025-2026 Kasım Broşürü
https://golcukram.meb.k12.tr/icerikler/siddeti-onleme-calismalari_15644209.html,8,0,0,Şiddetin Önlenmesi Afişi | Şiddetin Önlenmesi Öğretmen Sunumu | Şiddetin Önlenmesi Veli Sunumu
https://ismailerez.meb.k12.tr/icerikler/rehberlikvepsikolojikdanismaservisi_10023504.html,8,0,0,Kariyer Planlama ve Hedef Belirleme | Karar Verme Becerisi | Öz Disiplin Geliştirme
https://kizilteperam.meb.k12.tr/dosyalar/listele_dosya_679596_Pano%20%C3%87al%C4%B1%C5%9Fmalar%C4%B1,8,0,0,Akran Nezaketi Pano Çalışması 2026 | Çocuk Hakları Pano Çalışması | Aile İçi İletişim Pano Çalışması
https://kocasinanram.meb.k12.tr/icerikler/akrannezaketitemalihazirladigimizrehberveuygulamalar_17421246.html,8,0,0,Akran Nezaketi – Okul Öncesi Uygulama Dosyası | Akran Nezaketi – Okul Öncesi Analiz Dosyası | Akran Nezaketi – İlkokul Uygulama Dosyası
https://kocasinanram.meb.k12.tr/icerikler/lgsveykssureciileilgiliyolgostericikilavuzlarhazirladik_17135315.html,8,0,8,LGS Kaygı ve Motivasyon Rehberi | LGS Sınav Stratejileri | LGS'de Başarı İçin Rehber
https://orgm.meb.gov.tr/www/sosyal-uyum-programlari/icerik/3135,8,0,0,Kültürlerarası İlk Karşılaşma Programı | Sosyal Uyum – Okul Öncesi Sınıf ve Okul Temelli Etkinlikler Programı | Sosyal Uyum – İlkokul Sınıf ve Okul Temelli Etkinlikler Programı
https://sorgunram.meb.k12.tr/icerikler/ozelegitimdokumanlari_2257598.html,8,0,0,BEP Örneği – Okul Öncesi Dil Konuşma Bozukluğu ve OSB | BEP Örneği – Okul Öncesi OSB | BEP Örneği – İlkokul Bedensel Yetersizlik
https://akcaabatbilsem.meb.k12.tr/tema/idari_personel/medinebasaran_2505474.html,7,0,0,D2 Dikkat Testi | Frankfurter Dikkat Testi | Rotter Cümle Tamamlama Testi
https://alanyaataturkoo.meb.k12.tr/tema/dosyadetay.php,7,0,0,LGS Pano – 2026 | Verimli Ders Çalışma Pano – 2026 | Çok Çalışıyorum Ama Olmuyor – Pano
https://besiktasram.meb.k12.tr/tema/dosyadetay.php,7,0,0,Sosyometri Formu | Rehberlik Servisi Randevu Kayıt Formu | Rehberlik Servisi Öğrenci Çağrı Formu
https://bolvadinsbl.meb.k12.tr/dosyalar/listele_dosya_1336424_Rehberlik%20Dosya,7,0,0,Stres Yönetimi ve Öfke Kontrolü | Bağımlılık Veli Bilgilendirme Sunumu | Akran Zorbalığı Veli Bilgilendirme Sunumu
https://idilram.meb.k12.tr/dosyalar/listele_dosya_3498108_Rehberlik%20Hizmetleri%20Sunum,7,0,0,Krize Müdahale ve Kriz Yönetimi – Öğretmen Sunumu | İstismar ve Şiddetin Önlenmesi Sunumu | Problem Çözme Becerisi Sunumu
https://ispartaram.meb.k12.tr/icerikler/yerelhedefsinirkoymaileilgiliiceriklersitemizdeyayinlanmistir_17706268.html,7,0,0,Sınır Koyma – Okul Öncesi Afiş ve Görsel Seti | Sınır Koyma – İlkokul Afiş ve Görsel Seti | Sınır Koyma – Ortaokul Afiş ve Görsel Seti
https://kocasinanram.meb.k12.tr/icerikler/rehberogretmenpsikolojikdanismanbulunmayanokullarayonelikokulvesinifrehberlikcerceveplanlariyayinlanmistir_17706694.html,7,0,0,2026-2027 Okul Öncesi Çerçeve Rehberlik Planı | 2026-2027 İlkokul Çerçeve Rehberlik Planı | 2026-2027 Ortaokul Çerçeve Rehberlik Planı
https://ofram.meb.k12.tr/icerikler/akrannezaketiiceriklerimiz_17177875.html,7,0,0,Akran Nezaketi – Öğretmen Broşürü | Akran Nezaketi – Öğrenci Broşürü | Akran Nezaketi – Veli Broşürü
https://silivriram.meb.k12.tr/tema/siteharitasi.php,7,0,0,Mesleki Yönelim Envanteri | Conners Öğrenci ve Ebeveyn Formları | Benlik Tasarım Envanteri
https://tymm.meb.gov.tr/program-okuryazarligi-kilavuzlari,7,0,0,TYMM Program Okuryazarlığı Modül 1 – Öğretim Programlarının Temel Yaklaşımı | TYMM Program Okuryazarlığı Modül 2 – Sosyal-Duygusal Öğrenme Becerileri | TYMM Program Okuryazarlığı Modül 3 – Erdem-Değer-Eylem Çerçevesi
https://beyogluram.meb.k12.tr/dosyalar/listele_dosya_3133908_%C3%87ocuk%20%C4%B0hmal%20ve%20%C4%B0stismar%C4%B1n%C4%B1%20%C3%96nleme%20ve%20M%C3%BCdahale,6,0,0,Çocuk İhmal ve İstismarına Müdahale – Tespit | Çocuk İhmal ve İstismarına Müdahale – Raporlama | Çocuk İhmal ve İstismarına Müdahale – Destek ve İzleme
https://cankayaram.meb.k12.tr/icerikler/genelformlar_12166527.html,6,0,0,Krize Müdahale Hazırlık Çalışmaları Kontrol Listesi | Psikolojik İlk Yardım Kontrol Listesi | Kriz Anı Kontrol Listesi
https://erenlerram.meb.k12.tr/icerikler/ozdisiplin_10767277.html,6,0,0,Öz Disiplin Geliştirme – Kitapçık | Öz Disiplin Geliştirme – Sunum | Öz Disiplin – Veli Panosu
https://idilram.meb.k12.tr/dosyalar/listele_dosya_3343276_Rehberlik%20Hizmetleri%20Test%20ve%20Anketler,6,0,0,Vaka Olay Kaydı | Şiddet Sıklığı Anketi – Öğrenci | Şiddet Sıklığı Anketi – Veli
https://karamantokiortaokulu.meb.k12.tr/icerikler/cocukluktanergenligegelisimveogrenmeilesosyalbecerilersemineri_15823364.html,6,0,0,"Çocukluktan Ergenliğe Gelişim ve Öğrenme – Sunum | Ergenlik Dönemi – Veli Broşürü | Ergenlerde Fiziksel Büyüme, Cinsel ve Psikososyal Gelişim – Sunum"
https://keciorenram.meb.k12.tr/icerikler/kurumumuzrehberlikvepsikolojikdanismahizmetleribolumumuzcehazirlananyerelhedefsiddetinonlenmesikonuluicerikleryayinlandi_16581382.html,6,0,0,Şiddetin Önlenmesi – Sınıf Rehberlik Etkinliği | Şiddetin Önlenmesi – Modüler Pano | Şiddetin Önlenmesi – Afiş
https://kocasinanram.meb.k12.tr/icerikler/guvenliokulvepsikososyaldestekkilavuzlarimizyayinda_17384978.html,6,0,0,Okullarda Şiddeti Önleme Kılavuzu | Travma Sonrası Okul İklimi Kılavuzu | Psikososyal Destek ve Güven Rehberi – Okul Öncesi
https://orgm.meb.gov.tr/www/ozellestirilmis-ogrenci-programlari/icerik/3098,6,0,0,Özel Eğitim İhtiyacı Olan Öğrenciler İçin Zorlayıcı Yaşam Olayları Psikoeğitimi – Okul Öncesi | Özel Eğitim İhtiyacı Olan Öğrenciler İçin Zorlayıcı Yaşam Olayları Psikoeğitimi – İlkokul | Özel Eğitim İhtiyacı Olan Öğrenciler İçin Zorlayıcı Yaşam Olayları Psikoeğitimi – Ortaokul
https://tymm.meb.gov.tr/brosurler,6,0,0,TYMM Broşürü – Temel Yaklaşım | TYMM Broşürü – Erdem-Değer-Eylem Çerçevesi | TYMM Broşürü – Öğrenci Profili
https://aksarayram.meb.k12.tr/dosyalar/listele_dosya_4027284_Akran%20Nezaketi,5,0,0,Akran Nezaketi – Veli Bülteni | Akran Nezaketi – Öğretmen Bülteni | Akran Nezaketi – İlkokul Afişi
https://ebuhanifeiho.meb.k12.tr/dosyalar/listele_dosya_2911976_Rehberlik-%C3%96%C4%9Fretmen-%C3%96zel%20E%C4%9Fitim,5,0,0,3N1K Kaynaştırma Kılavuzu | Kaynaştırma Yoluyla Eğitim Uygulamaları | Özel Öğrencilerimiz İçin Okula Uyum Etkinlikleri
https://idilram.meb.k12.tr/icerikler/rehberogretmeniolmayanokullaricinrehberlikhizmetlerininyurutulmesindegereklibilgivedokumanlar_17695552.html,5,0,0,2026-2027 Okul Psikososyal Koruma Önleme ve Krize Müdahale Eylem Planı | 2026-2027 Sınıf Risk Haritası Hazırlama Rehberi | 2026-2027 Rehberlik Hizmetleri Yürütme Komisyonu Sene Başı Tutanağı
https://kirikkaleram.meb.k12.tr/tema/dosyadetay.php,5,0,0,Eğitsel Değerlendirme İsteği İlk İnceleme Formu | Bireysel Gelişim Raporu – Özel Eğitim | Öğrenci Gözlem Kaydı
https://kosovaortaokulu.meb.k12.tr/icerikler/sinifrehberogretmenleriicinbelgeler_15913657.html,5,0,0,Devamsızlık Nedenleri Anketi | Devamsızlık Nedenleri Anketi Sonuç Çizelgesi | RİBA – Öğrenci Rehberlik İhtiyaç Belirleme Anketi
https://kurtulus-ortaokulu.meb.k12.tr/icerikler/ozduzenlemeliogrenme_16854790.html,5,0,0,Öz Düzenlemeli Öğrenme – Öğrenci Yönergesi | Öz Düzenlemeli Öğrenme – Veli Bilgilendirme Yönergesi | Öz Düzenlemeli Öğrenme – Hedef Belirleme Çalışması
https://manavgatram.meb.k12.tr/icerikler/bireyselfarkliliklarasaygiveofkekontroluegitimmateryali_6319040.html,5,0,0,Bireysel Farklılıklara Saygı – İlkokul | Bireysel Farklılıklara Saygı – Ortaokul Oturumu | Bireysel Farklılıklara Saygı – Lise
https://muglaram.meb.k12.tr/dosyalar/listele_dosya_3113841_REHBERL%C4%B0K%20B%C4%B0R%C4%B0M%C4%B0%20Akran%20Zorbal%C4%B1%C4%9F%C4%B1,5,0,0,Şiddeti Önlemede Öğretmenler Neler Yapabilir? | Şiddeti Önleme – İlkokul Rehberlik Etkinliği | Şiddeti Önleme – Ortaokul Rehberlik Etkinliği
https://neclaergunabalioglu.meb.k12.tr/icerikler/rehberlikcalismalarimiz_100997.html,5,0,0,Otobiyografi – Öğrenciyi Tanıma Tekniği | Kimdir Bu? Tekniği | Problem Tarama Envanteri
https://sariyerram.meb.k12.tr/icerikler/karar-verme-ve-elestirel-dusunme-becerileri-konulu-bulten-afis-ve-sinif-rehberlik-etkinlikleri-ile-saglikli-ve-olumlu-iletisim-konulu-pano-calismasi_16112738.html,5,0,0,Karar Verme ve Eleştirel Düşünme – Örnek Sınıf Rehberlik Etkinlikleri | Karar Verme ve Eleştirel Düşünme – Öğrenci Bülteni | Karar Verme ve Eleştirel Düşünme – Afiş
https://talasram.meb.k12.tr/icerikler/zorlayiciyasamolaylarindapsikososyaldestekvemudahalerehberiyayimlandi_17606132.html,5,0,0,Zorlayıcı Yaşam Olaylarında Psikososyal Destek ve Müdahale Rehberi | Zorlayıcı Yaşam Olayları – 29 Sayfalık Etkinlik Paketi | Kriz Durumları Bilgilendirme Mesaj Örnekleri
https://tepebasiram.meb.k12.tr/icerikler/ogretmenlerveidarecilericinokuldakrizemudahaleyolharitasiekformlardahil_17542696.html,5,0,0,Okulda Krize Müdahale Yol Haritası | Krize Müdahale Ek-1 Formu | Krize Müdahale Ek-2 Formu
https://usakram.meb.k12.tr/icerikler/20262027rehberogretmenpsikolojikdanismanolmayanokullaricinornekokulpdrcerceveprogrami_17669390.html,5,0,0,2026-2027 Sınıf Rehberlik Planı Hazırlama Yol Haritası | 2026-2027 Okul Öncesi Örnek Okul PDR Çerçeve Programı | 2026-2027 İlkokul Örnek Okul PDR Çerçeve Programı
https://carsambaram.meb.k12.tr/icerikler/20262027rehberogretmenpsikolojikdanismanolmayanokullaricinornekokulprogramlari_17702386.html,4,0,0,2026-2027 Okul Öncesi Örnek Okul Rehberlik Programı | 2026-2027 İlkokul Örnek Okul Rehberlik Programı | 2026-2027 Ortaokul Örnek Okul Rehberlik Programı
https://czarifoglu.meb.k12.tr/icerikler/28haftasinifrehberliketkinlikleri1317nisan2026_17353958.html,4,0,0,"Yardım İste, Güvende Kal – 1. Sınıf Etkinliği | Neredeyim, Kimim? – 2. Sınıf Kendini Tanıma Etkinliği | Meslek Hisset-Düşün – 3. Sınıf Etkinliği"
https://demirciram.meb.k12.tr/icerikler/20262027egitimogretimyiliokulrehberlikhizmetlericerceveprogramivesinifrehberliketkinlikleri_17675036.html,4,0,0,2026-2027 Sınıf Risk Haritası | 2026-2027 Okul Risk Haritası | 2026-2027 Psikososyal Kriz Ekibi İçerikleri
https://giresunram.meb.k12.tr/icerikler/20252026egitimogretimyiligiresuniliyerelhedeficerikleri_15411465.html,4,0,0,Akran Zorbalığı Etkinliği – Zorbalığı Tanıyalım | Akran Zorbalığı Etkinliği – Arkadaşımın Gözünden Ben | Akran Zorbalığı Etkinliği – Zorbalık Dedektifleri
https://karapinaraihl.meb.k12.tr/icerikler/ozduzenlemebecerileri_16961104.html,4,0,0,Öz Düzenleme Becerileri – Planlama Hazırlık Rehberi | Öz Düzenleme Becerileri – Uygulama ve İzleme Rehberi | Öz Düzenleme Becerileri – Yansıtma ve Değerlendirme Rehberi
https://menemensaofen.meb.k12.tr/icerikler/meslekiilgivemeslekidegerenvanterleri_17105571.html,4,0,0,MEB Mesleki İlgi Envanteri – Ortaokul Formu | MEB Mesleki Beceri Envanteri – Ortaokul Formu | MEB Mesleki İlgi Envanteri – Lise Formu
https://milasram.meb.k12.tr/icerikler/verimliderscalismateknikleri_16871569.html,4,0,0,Verimli Ders Çalışma Teknikleri – Öğrenci Sunumu | Verimli Ders Çalışma Teknikleri – Veli Sunumu | Verimli Ders Çalışma Teknikleri – Öğrenci Sunumu 2025
https://sahinbeyram.meb.k12.tr/icerikler/kurumumuzsahinbeyrehberlikvearastirmamerkezitarafindanokultemellikrizyonetimiveguvenliokuliklimikonularindaiceriklerhazirlanmistir_17428196.html,4,0,0,"Okul Temelli Kriz Yönetimi ve Psikolojik Destek Uygulama Kılavuzu | Güvenli Okul Ortamı – Öğretmenler İçin Müdahale Rehberi | Güvenli Okul, Huzurlu Gelecek – Öğretmenler İçin Kılavuz"
https://sevketcanikliho.meb.k12.tr/icerikler/rehberlikozelhedefiatilganlikbecerileriegitimleri_17356754.html,4,0,0,Atılganlık Becerileri – Pasif/Saldırgan/Atılgan Tepki Ayırt Etme | Atılganlık Becerileri – Beden Dili Heykel Tıraşı | Atılganlık Becerileri – Atılganlık Topu
https://susehriram.meb.k12.tr/dosyalar/listele_dosya_2584860_%C3%B6zel%20e%C4%9Fitim%20pano,4,0,0,Engelliler Haftası Modüler Panosu | Otizm Farkındalık Modüler Pano | 3 Aralık Dünya Engelliler Günü Modüler Pano
https://susehriram.meb.k12.tr/dosyalar/listele_dosya_2598363_%C3%96zel%20E%C4%9Fitimde%20Kullan%C4%B1lan%20Formlar,4,0,0,Ev Ziyaret Formu – Özel Eğitim | Sağlık Kuruluşuna Yönlendirme Formu | Özel Eğitim Sınıfı Ziyaret Formu
https://tut.meb.gov.tr/www/turkiye-yuzyili-maarif-modeli-kapsaminda-hazirlanan-quotogrenme-etkinlikleri-seti-2quot-yayimlandi/icerik/1188/tr,4,0,0,TYMM Öğrenme Etkinlikleri Seti 2 – 5. Sınıf | TYMM Öğrenme Etkinlikleri Seti 2 – 6. Sınıf | TYMM Öğrenme Etkinlikleri Seti 2 – 9. Sınıf
https://www.meb.gov.tr/turkiye-yuzyili-maarif-modeline-uygun-ogrenme-etkinlikleri-seti-yayimlandi/haber/39803/tr,4,0,0,TYMM Öğrenme Etkinlikleri Seti – 5. Sınıf | TYMM Öğrenme Etkinlikleri Seti – 6. Sınıf | TYMM Öğrenme Etkinlikleri Seti – 9. Sınıf
https://bagcilarram.meb.k12.tr/icerikler/dijitalbagimlilikogrencibrosurleri_16970582.html,3,0,0,Dijital Bağımlılık Broşürü – İlkokul | Dijital Bağımlılık Broşürü – Ortaokul ve Lise | Dijital Bağımlılık E-Bülteni – Ortaokul ve Lise
https://imamhatip80.meb.k12.tr/icerikler/meslekirehberlikkapsamindakariyerbulusmalarivemeslegimde1gunetkinligigerceklestirildi_17435503.html,3,0,0,Kariyer Buluşmaları – Meslek Uzmanı Konuk Etkinliği | Mesleğimde 1 Gün – Rol/Kıyafet Deneyimleme Etkinliği | Meslek Eğitim Süreçleri ve Çalışma Koşulları Soru-Cevap
https://kagithaneram.meb.k12.tr/icerikler/akrannezaketi_17343346.html,3,0,0,Akran Nezaketi – İlkokul Pano | Akran Nezaketi – Lise Pano | Babalar İçin Nezaket Dili Afişi
https://kaynarcaataturkoo.meb.k12.tr/icerikler/iletisimbecerileri_17492648.html,3,0,0,Birlikte Konuşalım – Ergen Çocuğunuzla İletişim Kurmanın Yolları | İletişim Becerileri – Öğrenci/Okul Sunumu 2026 | İletişim Becerileri – Veli Broşürü 2026
https://keciorenram.meb.k12.tr/icerikler/pdrhizmetleribolumuncehazirlananokulauyumiceriklerimodulerpanovesunumformatindayayinlandi_16542133.html,3,0,0,Okula Uyum Modüler Pano | Okula Uyum Veli Bilgilendirme Sunumu | Okula Uyum – Modüler Pano PDF
https://melikgaziram.meb.k12.tr/icerikler/dikkatleegitprojesiegitimtarihi_4781202.html,3,0,0,Marmara İlkokula Hazır Oluş Ölçeği | Benton Görsel Bellek Testi | Hamilton Depresyon Skalası
https://nenehatunmtal.meb.k12.tr/tema/siteharitasi.php,3,0,0,Aile Değerlendirme Ölçeği | Major ICD-10 Depresyon Envanteri | Yetişkinler İçin Psikolojik Dayanıklılık Ölçeği
https://nigderam.meb.k12.tr/icerikler/verimliderscalisma_13920253.html,3,0,0,Verimli Ders Çalışma Sunusu ve Etkinlik Formu | Verimli Ders Çalışma – Sunum | Verimli Ders Çalışma – Uygulama Formu
https://osmangazi.meb.k12.tr/icerikler/ilkokuldasosyalbecerilergeleceginguclubireyleriyetisiyor_17444914.html,3,0,0,İlkokul Sosyal Beceriler – Öğrenci Broşürü 2026 | İlkokul Sosyal Beceriler – Veli Broşürü 2026 | İlkokul Sosyal Beceriler – Öğretmen Broşürü 2026
https://sariyerram.meb.k12.tr/icerikler/yesilaybagimliliklardankoruyanailerehberivedijitalbagimlilikfarkindaligikonulubrosurvebultenleryayimlandi_17093910.html,3,0,0,Davranışsal Bağımlılıklar Broşürü | Online Oyun ve Kumar Bağımlılığı Broşürü | Teknoloji ve Sağlık: Dijital Bağımlılığın Fiziksel Yansımaları
https://yuzyilmtal.meb.k12.tr/icerikler/kariyerplanlamaduyguduzenlemecocukhaklarivemesleketigikonulupanolarimizhazirlandi_17517081.html,3,0,0,Kariyer Planlama – Rehberlik Panosu 2026 | Duygu Düzenleme – Rehberlik Panosu 2026 | Meslek Etiği – Rehberlik Panosu 2026
https://aile.gov.tr/haberler/cocuklari-dijital-risklerden-korumak-icin-iki-yeni-rehber-yayimlandi/,2,0,0,Dijital Ebeveyn Rehberi | Siber Suç ve Siber Zorbalıktan Korunma Rehberi
https://altinorduram.meb.k12.tr/icerikler/akrannezaketimodulerpanosu_16145668.html,2,0,0,Akran Nezaketi – Modüler Pano (Parçalı) | Akran Nezaketi – Tek Parça Büyük Boy Pano
https://bakirkoyram.meb.k12.tr/icerikler/dijitaldunyasorunlariveliogrencibrosurleri_16961908.html,2,0,0,Dijital Dünya Sorunları – Veli Broşürü | Dijital Dünya Sorunları – Öğrenci Broşürü
https://dergisosyalbil.selcuk.edu.tr/susbed/article/view/236,2,0,0,Ergenlere Yönelik Saldırganlığı Önleme Psikoeğitim Programı – 12 Oturum | Öğretmenlere Yönelik Saldırganlığı Önleme Psikoeğitim Programı – 12 Oturum
https://sorgunram.meb.k12.tr/icerikler/ozelegitimbolumustandartformlar_646059.html,2,0,0,Kaba Değerlendirme Formu Örneği | Ölçüt Bağımlı Ölçü Aracı Örneği
https://tegm.meb.gov.tr/www/yasam-becerileri-projesi-uygulama-kilavuzu-ve-etkinlik-kitaplari-yayimlandi/icerik/1055,2,0,0,Yaşam Becerileri Projesi Uygulama Kılavuzu | Yaşam Becerileri Projesi Etkinlik Kitapları
https://tepebasiram.meb.k12.tr/icerikler/merkezimizdenakrannezaketivurgusu_17138429.html,2,0,0,Nezaket Kahramanları – Drama Oyunu | Akran Nezaketi – Eğitim Videosu
https://39tevfikfikretortaokulu.meb.k12.tr/icerikler/dijitalfarkindalikguvenliinternetvedijitalbagimlilikkonularindavelibrosuruhazirlandi_17582755.html,1,0,0,Dijital Farkındalık ve Güvenli İnternet Kullanımı – Veli Broşürü
https://775188.meb.k12.tr/icerikler/meslekleritaniyoruz_16792821.html,1,0,0,Mesleklerimizi Tanıyoruz – BİGEP Kariyer Farkındalık Etkinliği
https://ademcelik.meb.k12.tr/icerikler/testveenvanterler_9852973.html,1,0,0,Konuşma-Duyma Kontrol Listesi
https://ademcelikortaokulu.meb.k12.tr/icerikler/testveenvanterler_11922915.html,1,0,0,Liebowitz Sosyal Fobi Ölçeği
https://aile.gov.tr/btgmd/e-hizmetler-yeni/cocuklar-guvende-mobil-uygulama/,1,0,0,Çocuklar Güvende – Yardım İste ve Danışma Rehberi
https://aksaraykml.meb.k12.tr/icerikler/rehberlikevraklari_14493321.html,1,0,0,YKS Kariyer Dosyası
https://alasehirram.meb.k12.tr/icerikler/lisetercihrehberi2026yayimlandi_17609430.html,1,0,0,2026 Lise Tercih Rehberi
https://alibayirlarilkokulu.meb.k12.tr/icerikler/akran-zorbaligina-karsi-yaratici-drama-egitimi_15921497.html,1,0,0,Akran Zorbalığına Karşı Yaratıcı Drama – 2 Modüllü Eğitim
https://bafraram.meb.k12.tr/icerikler/catismacozmebecerisigelistirmeveakranarabuluculuguegitimiverildi_17199347.html,1,0,0,Çatışma Çözme Becerisi Geliştirme ve Akran Arabuluculuğu Eğitimi
https://bagcilarram.meb.k12.tr/icerikler/ozelogrenmeguclugugozlemformu_13231186.html,1,0,0,Özel Öğrenme Güçlüğü Gözlem Formu – Sağlık Kuruluşuna Yönlendirme Sürümü
https://barbaroshayrettinortaokulu.meb.k12.tr/icerikler/akranzorbaligivrizolasyonfarkindaligiveliegitimi_17474790.html,1,0,0,Okul Saldırıları Sonrası Akran Zorbalığı ve Sosyal İzolasyon – Veli Psikoeğitimi
https://bayindirihl.meb.k12.tr/icerikler/velibilgilendirmerehberi_17403511.html,1,0,0,Travmatik Olaylar Sonrası Psikolojik İyi Oluş – Veli Bilgilendirme Rehberi
https://bayrampasarehberlik.meb.k12.tr/icerikler/yaraticidramaileakranzorbaligiegitimi_14567196.html,1,0,0,Akran Zorbalığını Önlemede Yaratıcı Drama – Uygulayıcı Eğitimi
https://besiktasram.meb.k12.tr/icerikler/egitimdeyaraticidramauygulamalariegitimibasvurusu_12742700.html,1,0,0,Eğitimde Yaratıcı Drama Uygulamaları – Uygulayıcı Eğitimi
https://besiktasram.meb.k12.tr/icerikler/ozelegitimdeyaraticidramauygulamalaritutumdegistirme_13059230.html,1,0,0,Özel Eğitimde Yaratıcı Drama ile Tutum Değiştirme Programı
https://dergipark.org.tr/tr/pub/baunsobed/article/1661458,1,0,0,Kısa Yürütücü İşlevler Ölçeği – Türkçe Form Psikometrik Kanıtı
https://dergipark.org.tr/tr/pub/eku/article/884918,1,0,0,Çocukluk Dönemi Yürütücü İşlevler Envanteri – Ebeveyn Formu Türkçe Geçerlik-Güvenirlik
https://dergipark.org.tr/tr/pub/erziefd/article/1777722,1,0,0,Dikkat Kontrolü Ölçeği Kısa Formu – Lise Türkçe Uyarlaması
https://develiram.meb.k12.tr/icerikler/dijitaldikkatgelistirmeoyunupurdikkatebadaogrencilerinkullaniminasunuldu_17628535.html,1,0,0,PürDikkat – Dijital Dikkat Geliştirme Oyunu
https://elazigcumhuriyetortaokulu.meb.k12.tr/icerikler/hedeflgs2026kapsamindaozduzenlemeozduzenlemeliogrenmeseminerimiz_17002541.html,1,0,0,LGS 2026 – Öz Düzenleme ve Öz Düzenlemeli Öğrenme Semineri
https://erbaaram.meb.k12.tr/icerikler/bilincliteknolojikullanimivelisunumu_15848119.html,1,0,0,Bilinçli Teknoloji Kullanımı – Veli PPTX Sunumu
https://gumusyakaanadolulisesi.meb.k12.tr/icerikler/dijitalguvenlikveokulguvenligibasliklisunum_17398475.html,1,0,0,Dijital Güvenlik ve Okul Güvenliği – Veli Sunumu
https://gunram.meb.k12.tr/icerikler/okuldamikroagresyonseminerigerceklestirildi_17314491.html,1,0,0,Okulda Mikroagresyon – PDR Mesleki Gelişim Semineri
https://gunram.meb.k12.tr/icerikler/subat2026rehberlikbulteni_17106186.html,1,0,0,Sınıf İkliminde Akran Nezaketi – Öğrenci Sözleşmesi
https://hakkarifenlisesi.meb.k12.tr/icerikler/kariyergunlerimeslekitanitimverehberliketkinlikleri_17049052.html,1,0,0,Kariyer Günleri – Mesleki Tanıtım ve Rehberlik Programı
https://hamiyetgercekilkokulu.meb.k12.tr/icerikler/meslekleritaniyalimetkinligi_17077831.html,1,0,0,Meslekleri Tanıyalım – 3. Sınıf Kariyer Farkındalık Etkinliği
https://idilram.meb.k12.tr/dosyalar/listele_dosya_3498225_Rehberlik%20Hizmetleri%20Formlar,1,0,0,DEHB Gözlem Formu – Okul Yönlendirme Sürümü
https://ihsaniyeibnisina.meb.k12.tr/icerikler/mesleksecimikonusundaveliogretmenveogrencibilgilendirmeicerigihazirlanmistir_16797898.html,1,0,0,"Meslek Seçiminde İlgi, Değer, Yetenek ve Kişilik"
https://ikhal.meb.k12.tr/icerikler/ogrencitanimaformu_7787902.html,1,0,0,Öğrenci Tanıma Formu – 9. Sınıf ve Nakil Öğrencileri
https://keciorenram.meb.k12.tr/icerikler/kurumumuzrehberlikvepsikolojikdanismahizmetleribolumutarafindanhazirlananykstercihdanismanligisureciyolharitasiyayinlandi_16500001.html,1,0,0,YKS Tercih Süreci Yol Haritası – Modüler Pano
https://konakram.meb.k12.tr/icerikler/2026liseleregecissistemilgstercihsurecidokumanlar_17624610.html,1,0,0,2026 LGS Tercih ve Yerleştirme Dokümanları
https://nenehatunmtal.meb.k12.tr/icerikler/kisasemptomenvanterikse_16618759.html,1,0,0,Kısa Semptom Envanteri – KSE
https://ofram.meb.k12.tr/icerikler/mahremiyetegitimivelibultenimizyayimlandi_15628714.html,1,0,0,Mahremiyet Eğitimi Veli Bülteni – Okul Öncesi/İlkokul
https://orgm.meb.gov.tr/www/sosyal-duygusal-gelisimin-gunluk-yasamdaki-izi-selamlasma/icerik/3645/tr,1,0,0,2026-2027 Genel Hedef – Selamlaşma: Sosyal-Duygusal Gelişim Çerçevesi
https://osmangazicukurcaortaokulu.meb.k12.tr/icerikler/akranarabulucuogrencilerimizesertifikalariverildi_17562342.html,1,0,0,Akran Arabuluculuğu – 8 Haftalık Öğrenci Eğitim Programı
https://osmannuricinarortaokulu.meb.k12.tr/icerikler/kariyergunleri_17073094.html,1,0,0,Kariyer Günleri – Veli/Meslek Uzmanı Buluşması
https://patnoseml.meb.k12.tr/icerikler/rehberlikservisiverimliderscalismatekniklerivelibrosuru_17297312.html,1,0,0,Verimli Ders Çalışma Teknikleri – Veli Broşürü 2026
https://sabriormanortaokulu.meb.k12.tr/icerikler/atilganlikvesosyalbecerigelisimiseminerimizedavetlisiniz_17316822.html,1,0,0,Atılganlık ve Sosyal Beceri Gelişimi – Veli Semineri
https://salihliram.meb.k12.tr/icerikler/ogrenmeguclugudijitalgozlemformu_16703286.html,1,0,0,Öğrenme Güçlüğü – Dijital Gözlem Robotu
https://sebahattinzaimilkokulu.meb.k12.tr/icerikler/akranzorbaligi_15844847.html,1,0,0,Çatışma Çözme Becerilerinin Geliştirilmesi – 6 Oturumluk Sanat Terapisi Destekli Psikoeğitim
https://serikram.meb.k12.tr/dosyalar/listele_dosya_2254932_%C3%96zel%20E%C4%9Fitim%20Formlar%C4%B1,1,0,0,Özel Eğitim Veli Görüşme Formu
https://siirtram.meb.k12.tr/icerikler/lgstercihsureciogrencivevelibilgilendirmekilavuzuyayimlandi_17626217.html,1,0,0,2026 LGS Tercih Süreci Öğrenci ve Veli Bilgilendirme Kılavuzu
https://siirtram.meb.k12.tr/icerikler/okullardasiddetveakranzorbaliginapsikodramatikbirbakisatolyesi_17599061.html,1,0,0,Okullarda Şiddet ve Akran Zorbalığına Psikodramatik Bir Bakış Atölyesi
https://talasram.meb.k12.tr/icerikler/edergiportali_17629023.html,1,0,0,MERCEK E-Dergi 2. Sayı – Öz Şefkat
https://tavsal.meb.k12.tr/icerikler/ogrencilericinergenlikdonemikonulubilgilendiricibrosurhazirlandi_16783717.html,1,0,0,Ergenlik Dönemi – Öğrenci Bilgilendirme Broşürü 2025
https://tevfikserdar.meb.k12.tr/icerikler/bilisimkulubumuzdenvelilerimizeozelliseogrencileriicindijitalebeveynrehberiyayinda_17671532.html,1,0,0,Lise Öğrencileri İçin Dijital Ebeveyn Rehberi
https://tokibattaniilkokulu.meb.k12.tr/icerikler/akranzorbaliginakarsigucumufarkediyorumyaraticidramavecocukkitaplaritemelli_15998083.html,1,0,0,Akran Zorbalığına Karşı Gücümü Fark Ediyorum – 2 Oturumluk Drama Programı
https://turktelekomilkokulu.meb.k12.tr/icerikler/okulauyumsurecindeaileninroluvelisemineri_17693211.html,1,0,0,Okula Uyum Sürecinde Ailenin Rolü – Veli Semineri
https://vnbmem.meb.k12.tr/icerikler/ozguvengelistirmerehberlikpanosu_17434795.html,1,0,0,Özgüven Geliştirme – Rehberlik Panosu 2026
https://yeniceataturkortaokulu.meb.k12.tr/icerikler/ozduzenlemeliogrenmenedirvelilerimizicin_16757579.html,1,0,0,Öz Düzenlemeli Öğrenme – Veliler İçin Rehber
https://yusufuzortaokulu.meb.k12.tr/icerikler/etkiliiletisimveofkekontroluegitimi_17432982.html,1,0,0,Etkili İletişim ve Öfke Kontrolü – Yaratıcı Drama Destekli 2 Haftalık Psikoeğitim
